Workbook

Sheet MOT OPPRINNELIGE TALL 
A1: ='NØKKELTALL OVERORDNET AVTALE '!A2 -> 46031 | B1: AU ESTIMAT | C1: SISTE REGNSKAP | D1: AVVIK | E1: % | F1: AU ESTIMAT | G1: SISTE REGNSKAP | H1: AVVIK | I1: %
B2: PLANTEDAMP | C2: PLANTEDAMP | E2: Endring | F2: GRO PRO | G2: GRO PRO | I2: Endring | J2: KOMMENTARER
A3: RESULTAT
A5: INNTEKTER | B5: 2500000 | C5: ='PLANTEDAMP AS 2022-2025'!O2 -> 2798754.8 | D5: =C5-B5 -> 298754.82 | E5: =D5/B5 -> 0.11950193 | F5: 700000 | G5: ='GRO PRO AS 2024 OG 2025 '!K3 -> 613516.26 | H5: =G5-F5 -> -86483.74 | I5: =H5/F5 -> -0.1235482
A6: TOTALT KOST INKL.SKATT | B6: =B5-B7 -> 2230964 | C6: =C5-C7 -> 2597695.8 | D6: =C6-B6 -> 366731.8 | E6: =D6/B6 -> 0.16438266 | F6: =F5-F7 -> 115356 | G6: =G5-G7 -> 719088.58 | H6: =G6-F6 -> 603732.58 | I6: =H6/F6 -> 5.233647 | J6: Sjekk oppdatert regnskap DataPro
A7: ÅRSRESULTAT | B7: =400000-130964 -> 269036 | C7: ='PLANTEDAMP AS 2022-2025'!O9 -> 201059.02 | D7: =C7-B7 -> -67976.98 | E7: =D7/B7 -> -0.25266871 | F7: 584644 | G7: ='GRO PRO AS 2024 OG 2025 '!K10 -> -105572.32 | H7: =G7-F7 -> -690216.32 | I7: =H7/F7 -> -1.1805754 | J7: Sjekk oppdatert regnskap DataPro
A10: BALANSE
A12: EGENKAPITAL | B12: 400000 | C12: ='PLANTEDAMP AS 2022-2025'!R9 -> 332022.73 | D12: =C12-B12 -> -67977.27 | E12: =D12/B12 -> -0.16994317 | F12: 700000 | G12: ='GRO PRO AS 2024 OG 2025 '!N10 -> 69783.22 | H12: =G12-F12 -> -630216.78 | I12: =H12/F12 -> -0.90030969 | J12: Sjekk oppdatert regnskap DataPro
A13: VARELAGER | B13: 1000000 | C13: ='PLANTEDAMP AS 2022-2025'!J12 -> 821605.63 | D13: =C13-B13 -> -178394.37 | E13: =D13/B13 -> -0.17839437 | F13: 700000 | G13: ='GRO PRO AS 2024 OG 2025 '!H12+'GRO PRO AS 2024 OG 2025 '!H13 -> 325112.85 | H13: =G13-F13 -> -374887.15 | I13: =H13/F13 -> -0.53555307 | J13: Sjekk oppdatert regnskap DataPro
A14: INNLÅN FRA AKSJONÆRER | B14: 600000 | C14: ='NØKKELTALL OVERORDNET AVTALE '!E14+'NØKKELTALL OVERORDNET AVTALE '!F14 -> 676690.86 | D14: =C14-B14 -> 76690.86 | E14: =D14/B14 -> 0.1278181 | F14: 50000 | G14: 50000 | H14: =G14-F14 -> 0 | I14: =H14/F14 -> 0 | J14: Sjekk oppdatert regnskap DataPro
A15: INTERNE MELLOMVÆRENDE NTO | B15: 0 | C15: ='NØKKELTALL OVERORDNET AVTALE '!B18 -> 194616.71 | G15: ='NØKKELTALL OVERORDNET AVTALE '!C18 -> -194616.71 | J15: GP er skylding PD 31 12 2025
A17: 1. Faktura fra PD til GP vedrørende overføring av lager er hensynstatt .
A18: 2. Har også avsatt for ytterligere overføring av lager fra PD til GP, Kr 55 000,-
A19: 3. Har fjernet ukurans nedskriving i begge lagre ref. samtale
A20: 4. Netto mellomværende er nå oppdatert ti lKr 194 617,- . Har lagt på Kr 55 000,- i overføring lager som ikke er fakturert fra PD mot GP . Må faktureres . Er med i telling GP , er redusert i PD

Sheet NØKKELTALL OVERORDNET AVTALE 
A1: GRUNNLAG INTERN PRISING AKSJER | B1: NØKKELTALL SELSKAPER PR. 31 12 2025 | H1: ANDEL AV NØKKELTALL | K1: PRISING BASERT PÅ 1/3 | N1: 1/3 PD | O1: 1/3 GP | P1: 1/3 TOTALT
A2: 46031
B3: PLANTEDAMP | C3: GRO PRO | D3: TOTALT | E3: Anders | F3: Yadgar | G3: Mitchell | H3: Anders | I3: Yadgar | J3: Mitchell | K3: Anders | L3: Yadgar | M3: Mitchell | Q3: TEMA | R3: KOMMENTARER
Q4: 1 | R4: Stor skjevdeling av innskutt kapital og lån til selskapene
A5: EIENDELER | B5: ='PLANTEDAMP AS 2022-2025'!Q9 -> 1146318.8 | C5: ='GRO PRO AS 2024 OG 2025 '!M10 -> 366362.42 | D5: =B5+C5 -> 1512681.2 | E5: =B5/2 -> 573159.39 | F5: =B5/2 -> 573159.39 | G5: =C5 -> 366362.42 | H5: =E5/D5 -> 0.37890296 | I5: =F5/D5 -> 0.37890296 | J5: =G5/D5 -> 0.24219407 | K5: =D5/3 -> 504227.07 | L5: =D5/3 -> 504227.07 | M5: =D5/3 -> 504227.07 | N5: =B5/3 -> 382106.26 | O5: =C5/3 -> 122120.81 | P5: =D5/3 -> 504227.07 | Q5: 2 | R5: Ingen har tatt ut lønn i selskapene fra etablering. Skal tema arbeidsinnsats inn i vurdering
Q6: 3 | R6: Programvare NETTBUTIKKER . Tema bør løftes . PD har hatt minimale kostnader her AU har levert GRO PRO har tatt all kost over driften
A7: INNSKUTT EGENKAPITAL pr. 31 12 2025 | B7: =-'PLANTEDAMP AS 2022-2025'!T28 -> 120000 | C7: ='GRO PRO AS 2024 OG 2025 '!P10 -> 448000 | D7: =B7+C7 -> 568000 | E7: 60000 | F7: 60000 | G7: 448000 | H7: =E7/D7 -> 0.1056338 | I7: =F7/D7 -> 0.1056338 | J7: =G7/D7 -> 0.78873239 | K7: =D7/3 -> 189333.33 | L7: =D7/3 -> 189333.33 | M7: =D7/3 -> 189333.33 | N7: =B7/3 -> 40000 | O7: =C7/3 -> 149333.33 | P7: =D7/3 -> 189333.33 | Q7: 4 | R7: Skal etablert omsetning og markedsposisjoner tas inn i vurdering
A8: RESULTAT AKK. 31 12 2025 | B8: =-'PLANTEDAMP AS 2022-2025'!R30 -> 212022.73 | C8: ='GRO PRO AS 2024 OG 2025 '!Q10 -> -372432.78 | D8: =B8+C8 -> -160410.05 | E8: =B8/2 -> 106011.37 | F8: =B8/2 -> 106011.37 | G8: =D8 -> -160410.05 | H8: =E8/D8 -> -0.66087733 | I8: =F8/D8 -> -0.66087733 | J8: =G8/D8 -> 1 | K8: =D8/3 -> -53470.017 | L8: =D8/3 -> -53470.017 | M8: =D8/3 -> -53470.017 | N8: =B8/3 -> 70674.243 | O8: =C8/3 -> -124144.26 | P8: =D8/3 -> -53470.017 | Q8: 5 | R8: GRO PRO sitt regnskap før 2024 er feil, ikke bygget inn varebeholding 31 12 2024
A9: BOKFØRT EK | B9: =B7+B8 -> 332022.73 | C9: =C7+C8 -> 75567.22 | D9: =D7+D8 -> 407589.95 | E9: =E7+E8 -> 166011.37 | F9: =F7+F8 -> 166011.37 | G9: =G7+G8 -> 287589.95 | H9: =E9/D9 -> 0.40729995 | I9: =F9/D9 -> 0.40729995 | J9: =G9/D9 -> 0.70558646 | K9: =D9/3 -> 135863.32 | L9: =D9/3 -> 135863.32 | M9: =D9/3 -> 135863.32 | N9: =B9/3 -> 110674.24 | O9: =C9/3 -> 25189.073 | P9: =D9/3 -> 135863.32 | Q9: 6 | R9: Innlån fra aksjonærer bør vurderes konvertert til egenkapital , vil da spare finansielle kostnader .
A10: Innlån fra Anders | B10: =-'PLANTEDAMP AS 2022-2025'!V45 -> 420276.66 | D10: =B10+C10 -> 420276.66 | E10: =D10 -> 420276.66 | H10: =D10/D14 -> 0.57834312 | I10: 0 | J10: 0 | K10: =D10/3 -> 140092.22 | L10: =D10/3 -> 140092.22 | M10: =D10/3 -> 140092.22 | N10: =B10/3 -> 140092.22 | O10: =C10/3 -> 0 | P10: =D10/3 -> 140092.22 | Q10: 7 | R10: Det vil være behov for mer arbeidskapital i selskapene for å kunne ta dette videre .
A11: Innlån fra Yadgar | B11: =-'PLANTEDAMP AS 2022-2025'!V44 -> 206414.2 | D11: =B11+C11 -> 206414.2 | F11: =D11 -> 206414.2 | H11: 0 | I11: =D11/D14 -> 0.28404678 | J11: 0 | K11: =D11/3 -> 68804.733 | L11: =D11/3 -> 68804.733 | M11: =D11/3 -> 68804.733 | N11: =B11/3 -> 68804.733 | O11: =C11/3 -> 0 | P11: =D11/3 -> 68804.733 | Q11: 8 | R11: Roller, avlønning i selskapene. Når vil selskapene har evne til å betale lønn for arbeidsinnsats fra aksjonærene
A12: Innlån fra Omnishop | B12: =-'PLANTEDAMP AS 2022-2025'!V32 -> 50000 | D12: =B12+C12 -> 50000 | E12: =D12 -> 50000 | H12: =D12/D14 -> 0.068805049 | I12: 0 | J12: 0 | K12: =D12/3 -> 16666.667 | L12: =D12/3 -> 16666.667 | M12: =D12/3 -> 16666.667 | N12: =B12/3 -> 16666.667 | O12: =C12/3 -> 0 | P12: =D12/3 -> 16666.667 | Q12: 9 | R12: Så langt basert på frivilling dugnad , hvilken forventninger og målsettinger har eierne med investering
A13: Innlån fra Mitchell | B13: 0 | C13: ='GRO PRO AS 2024 OG 2025 '!R10 -> 50000 | D13: =B13+C13 -> 50000 | G13: =D13 -> 50000 | H13: 0 | I13: 0 | J13: =D13/D14 -> 0.068805049 | K13: =D13/3 -> 16666.667 | L13: =D13/3 -> 16666.667 | M13: =D13/3 -> 16666.667 | N13: =B13/3 -> 0 | O13: =C13/3 -> 16666.667 | P13: =D13/3 -> 16666.667 | Q13: 10 | R13: Ukurans lager , se foreløpig vurdering
A14: INNLÅN FRA AKSJONÆRER 31 12 2025 | B14: =SUM(B10:B13) -> 676690.86 | C14: =SUM(C10:C13) -> 50000 | D14: =SUM(D10:D13) -> 726690.86 | E14: =SUM(E10:E13) -> 470276.66 | F14: =SUM(F10:F13) -> 206414.2 | G14: =SUM(G10:G13) -> 50000 | H14: =E14/D14 -> 0.64714817 | I14: =F14/D14 -> 0.28404678 | J14: =G14/D14 -> 0.068805049 | K14: =D14/3 -> 242230.29 | L14: =D14/3 -> 242230.29 | M14: =D14/3 -> 242230.29 | N14: =B14/3 -> 225563.62 | O14: =C14/3 -> 16666.667 | P14: =D14/3 -> 242230.29 | Q14: 11 | R14: Avsetning til tap på fordringer , se foreløpig vurdering
Q15: 12 | R15: Fremtidige roller, daglig ledelse av selskapene. Antar at alle 3 blir sittende i styre .
A16: EGENKAPITAL + INNLÅN | B16: =B14+B9 -> 1008713.6 | C16: =C14+C9 -> 125567.22 | D16: =D14+D9 -> 1134280.8 | E16: =E14+E9 -> 636288.03 | F16: =F14+F9 -> 372425.57 | G16: =G14+G9 -> 337589.95 | H16: =E16/D16 -> 0.56096164 | I16: =F16/D16 -> 0.3283363 | J16: =G16/D16 -> 0.29762467 | K16: =D16/3 -> 378093.6 | L16: =D16/3 -> 378093.6 | M16: =D16/3 -> 378093.6 | N16: =B16/3 -> 336237.86 | O16: =C16/3 -> 41855.74 | P16: =D16/3 -> 378093.6 | Q16: 13 | R16: Vurder å etablere et FELLES HOLDING selskap på topp, som så eier 100 % av driftsselskapene
Q17: 14 | R17: Låneavtaler ,betingelser , er det mulig å likestille aksjonærene med innskutt EGENKAPITAL
A18: INTERNT MELLOMVÆRENDE SELSKAP | B18: ='PLANTEDAMP AS 2022-2025'!X15 -> 194616.71 | C18: =-B18 -> -194616.71 | D18: =B18+C18 -> 0 | E18: =B18/2 -> 97308.355 | F18: =B18/2 -> 97308.355 | G18: =C18 -> -194616.71 | H18: =E18/B18 -> 0.5 | I18: =F18/B18 -> 0.5 | J18: =-G18/C18 -> -1 | K18: 0 | L18: 0 | M18: 0 | N18: =B18/3 -> 64872.237 | O18: =C18/3 -> -64872.237 | P18: =D18/3 -> 0 | Q18: 15 | R18: Obs, regelverk skjermingsrente . Dumt å beskatte ekstra for renter når selskapets evne til å betjene renten fortløpende er begrenset ?
Q19: 16 | R19: Det er belastet en rente på NOK 130 998,- for innlån fra aksjonærene i Plantedamp 10,5 % rente , beregnet tilbak til oppstart
A20: NETTO INNSKUTT KAPITAL (EK- LÅN OG INTERNE MV) | B20: =B16+B18 -> 1203330.3 | C20: =C16+C18 -> -69049.49 | D20: =D16+D18 -> 1134280.8 | E20: =E16+E18 -> 733596.38 | F20: =F16+F18 -> 469733.92 | G20: =G16+G18 -> 142973.24 | H20: =E20/D20 -> 0.64675023 | I20: =F20/D20 -> 0.41412489 | J20: =G20/D20 -> 0.12604748 | K20: =D20/3 -> 378093.6 | L20: =D20/3 -> 378093.6 | M20: =D20/3 -> 378093.6 | N20: =B20/3 -> 401110.1 | O20: =C20/3 -> -23016.497 | P20: =D20/3 -> 378093.6 | Q20: 17 | R20: Målsetting for selskapene 2026 -2028 , fortsatt dugnad /hobbyvirksomhet eller klare planer om vekst og inntjening
Q21: 18 | R21: Har dere gjort dere opp tanker rundt budsjett 2026. Hva ligger det i synergier i case
A22: GJELD TOTALT SELSKAP 31 12 2025 | B22: =-'PLANTEDAMP AS 2022-2025'!S9 -> 814296.05 | C22: =-'GRO PRO AS 2024 OG 2025 '!O10 -> 296579.2 | D22: =B22+C22 -> 1110875.2 | E22: =B22/2 -> 407148.02 | F22: =E22 -> 407148.02 | G22: =C22 -> 296579.2 | H22: =E22/D22 -> 0.36651102 | I22: =F22/D22 -> 0.36651102 | J22: =G22/D22 -> 0.26697795 | K22: =D22/3 -> 370291.75 | L22: =D22/3 -> 370291.75 | M22: =D22/3 -> 370291.75 | N22: =B22/3 -> 271432.02 | O22: =C22/3 -> 98859.733 | P22: =D22/3 -> 370291.75 | Q22: 19
A23: GJELD EKSTERN 31 12 2025 | B23: =B22-B14 -> 137605.19 | C23: =C22-C14+C18 -> 51962.49 | D23: =B23+C23 -> 189567.68 | E23: =B23/2 -> 68802.595 | F23: =E23 -> 68802.595 | G23: =C23 -> 51962.49 | H23: =E23/D23 -> 0.36294475 | I23: =F23/D23 -> 0.36294475 | J23: =G23/D23 -> 0.27411049 | K23: =D23/3 -> 63189.227 | L23: =D23/3 -> 63189.227 | M23: =D23/3 -> 63189.227 | N23: =B23/3 -> 45868.397 | O23: =C23/3 -> 17320.83 | P23: =D23/3 -> 63189.227 | Q23: 20
Q24: 21
Q25: 22
Q26: 23
Q27: 24
Q28: 25
Q29: 26
Q30: 27
Q31: 28
Q32: 29
Q33: 30
Q34: 31
Q35: 32
Q36: 33

Sheet PLANTEDAMP AS 2022-2025
B1: ='NØKKELTALL OVERORDNET AVTALE '!A2 -> 46031 | I1: NØKKELTALL | L1: Resultat 2022 | M1: Resultat 2023 | N1: Resultat 2024 | O1: Resultat 2025 | P1: Res. Fra etablering
I2: Salgsinntekter | L2: =-SUM(L47:L51) -> 0 | M2: =-SUM(M47:M51) -> 1149863.5 | N2: =-SUM(N47:N51) -> 1638755.2 | O2: =-SUM(O47:O51) -> 2798754.8 | P2: =-SUM(P47:P51) -> 5587373.5
I3: Vareforbruk | L3: =-SUM(L52:L60) -> -18483.77 | M3: =-SUM(M52:M60) -> -903780.43 | N3: =-SUM(N52:N60) -> -1039214.6 | O3: =-SUM(O52:O60) -> -1742941.1 | P3: =-SUM(P52:P60) -> -3704419.9
I4: Brutto kroner | L4: =L2+L3 -> -18483.77 | M4: =M2+M3 -> 246083.04 | N4: =N2+N3 -> 599540.61 | O4: =O2+O3 -> 1055813.7 | P4: =P2+P3 -> 1882953.6
I5: Brutto % | L5: =L4/L2 -> #DIV/0! | M5: =M4/M2 -> 0.21401066 | N5: =N4/N2 -> 0.36585122 | O5: =O4/O2 -> 0.3772441 | P5: =P4/P2 -> 0.33700156
I6: Driftskostnader | L6: =SUM(L61:L109) -> 11712.26 | M6: =SUM(M61:M109) -> 271597.72 | N6: =SUM(N61:N109) -> 514894.13 | O6: =SUM(O61:O109) -> 684389.71 | P6: =SUM(P61:P109) -> 1482593.8
I7: Driftskostnader i % av inntekter | L7: =L6/L2 -> #DIV/0! | M7: =M6/M2 -> 0.23619997 | N7: =N6/N2 -> 0.31419831 | O7: =O6/O2 -> 0.24453364 | P7: =P6/P2 -> 0.26534718
C9: =SUM(C11:C118) -> 0 | D9: =SUM(D11:D118) -> 4.7293724e-11 | E9: =SUM(E11:E118) -> 1.3096724e-10 | F9: =SUM(F11:F118) -> 3.1832315e-11 | G9: =SUM(G11:G118) -> 5.3478288e-10 | H9: =SUM(H11:H118) -> 6.9121597e-11 | I9: =SUM(I11:I118) -> -2.910383e-11 | J9: =SUM(J11:J118) -> 0 | L9: =-SUM(L11:L116) -> -30196.03 | M9: =-SUM(M11:M116) -> -27393.34 | N9: =-SUM(N11:N116) -> 74123.08 | O9: =-SUM(O11:O116) -> 201059.02 | P9: =-SUM(P11:P116) -> 217592.73 | Q9: =SUM(Q11:Q116) -> 1146318.8 | R9: =-SUM(R11:R116) -> 332022.73 | S9: =SUM(S11:S116) -> -814296.05 | T9: =-SUM(T11:T116) -> 120000 | U9: =-SUM(U11:U116) -> 212022.73 | V9: =-SUM(V11:V116) -> 676690.86 | W9: =-SUM(W11:W116) -> 796690.86 | X9: =SUM(X11:X116) -> 194616.71 | Y9: =SUM(Y11:Y116) -> 325022.73 | Z9: =SUM(Z11:Z116) -> -64508.75 | AA9: =SUM(AA11:AA116) -> 757096.88
A10: Kontonr | B10: Konto | C10: 31 12 2022 | D10: 31 12 2023 | E10: 31 12 2024 | F10: IB 010125 | G10: Bev 2025 | H10: UB 31 12 2025 | I10: Korreksjon 2025 | J10: 31 12 2025 | K10: Avstemt til | L10: Resultat 2022 | M10: Resultat 2023 | N10: Resultat 2024 | O10: Resultat 2025 | P10: Res. Fra etablering | Q10: Eiendeler 2025 | R10: Egenkapital | S10: Gjeld totalt | T10: Innskutt EK | U10: Res. fra etablering | V10: Innskutt lån | W10: Innskutt totalt | X10: Internt selskaper | Y10: Arbeidskapital | Z10: Eks. int og lager | AA10: Eks. inter med lager | AB10: Kommentarer Svein
A11: 1396 | B11: Depositum | C11: 0 | D11: 0 | E11: 7000 | F11: 7000 | G11: 0 | H11: =F11+G11 -> 7000 | I11: 0 | J11: =H11+I11 -> 7000 | Q11: =J11 -> 7000 | Y11: 0 | Z11: 0 | AA11: 0
A12: 1461 | B12: Varelager: Varer for videresalg, emballasje og demonstrasjonsvarer | C12: 32991.61 | D12: 324647.29 | E12: 430000.29 | F12: 430000.29 | G12: 446605.34 | H12: =F12+G12 -> 876605.63 | I12: -55000 | J12: =H12+I12 -> 821605.63 | Q12: =J12 -> 821605.63 | Y12: =Q12 -> 821605.63 | Z12: 0 | AA12: =Y12 -> 821605.63 | AB12: Korrirert telleresultat
A13: 1462 | B13: Innkjøpte ikke mottatte varer for videresalg | C13: 0 | D13: -100 | E13: 34858.02 | F13: 34858.02 | G13: -34858.02 | H13: =F13+G13 -> 0 | I13: 0 | J13: =H13+I13 -> 0 | Q13: =J13 -> 0 | Y13: 0 | Z13: 0 | AA13: =Z13 -> 0
A14: 1463 | B14: Nedskriving varelager for ukurans | C14: 0 | D14: 0 | E14: 0 | F14: 0 | G14: 0 | H14: =F14+G14 -> 0 | I14: 0 | J14: =H14+I14 -> 0 | Q14: =J14 -> 0 | Y14: =Q14 -> 0 | Z14: 0 | AA14: =Q14 -> 0 | AB14: Ukurans er håndtert via telling og fortløpende
A15: 1500 | B15: Kundefordringer | C15: 0 | D15: 24829.7 | E15: 192774.2 | F15: 192774.2 | G15: 75926.25 | H15: =F15+G15 -> 268700.45 | I15: 55000 | J15: =H15+I15 -> 323700.45 | Q15: =J15 -> 323700.45 | X15: =139616.71+55000 -> 194616.71 | Y15: =Q15 -> 323700.45 | Z15: =Y15-X15 -> 129083.74 | AA15: =Z15 -> 129083.74 | AB15: Tatt inn ekstra Kr 50 000 mot GRO PRO
A16: 1580 | B16: Avsetning til tap på fordringer | C16: 0 | D16: 0 | E16: 0 | F16: 0 | G16: 0 | H16: =F16+G16 -> 0 | I16: -50000 | J16: =H16+I16 -> -50000 | Q16: =J16 -> -50000 | Y16: =Q16 -> -50000 | Z16: -50000 | AA16: =Z16 -> -50000 | AB16: Avsetning tap på fordringer 31 12 2025
A17: 1521 | B17: Oppgjør av betaling - BankAxept | C17: 0 | D17: 277.5 | E17: -3156.97 | F17: -3156.97 | G17: -4255.79 | H17: =F17+G17 -> -7412.76 | I17: 0 | J17: =H17+I17 -> -7412.76 | Q17: =J17 -> -7412.76 | Y17: =Q17 -> -7412.76 | Z17: =Y17 -> -7412.76 | AA17: =Z17 -> -7412.76
A18: 1522 | B18: Oppgjør av betaling - Forskudd til bankkonto | C18: 0 | D18: -588 | E18: -12489.04 | F18: -12489.04 | G18: 10202.21 | H18: =F18+G18 -> -2286.83 | I18: 0 | J18: =H18+I18 -> -2286.83 | Q18: =J18 -> -2286.83 | Y18: =Q18 -> -2286.83 | Z18: =Y18 -> -2286.83 | AA18: =Z18 -> -2286.83
A19: 1523 | B19: Oppgjør av betaling - Kredittkort terminal | C19: 0 | D19: 0 | E19: 0 | F19: 0 | G19: 2660 | H19: =F19+G19 -> 2660 | I19: 0 | J19: =H19+I19 -> 2660 | Q19: =J19 -> 2660 | Y19: =Q19 -> 2660 | Z19: =Y19 -> 2660 | AA19: =Z19 -> 2660
A20: 1575 | B20: Mellomregning aksjonær/deltaker | C20: -48861.88 | D20: -175349.25 | E20: 0 | F20: 0 | G20: 0 | H20: =F20+G20 -> 0 | I20: 0 | J20: =H20+I20 -> 0 | Q20: =J20 -> 0 | Y20: =Q20 -> 0 | Z20: =Y20 -> 0 | AA20: =Z20 -> 0
A21: 1577 | B21: Mellomregning Anders Ulveseth | C21: 0 | D21: -64475.57 | E21: 0 | F21: 0 | G21: 0 | H21: =F21+G21 -> 0 | I21: 0 | J21: =H21+I21 -> 0 | Q21: =J21 -> 0 | Y21: =Q21 -> 0 | Z21: =Y21 -> 0 | AA21: =Z21 -> 0
A22: 1749 | B22: Andre forskuddsbetalte driftskostnader | C22: 0 | D22: 0 | E22: 0 | F22: 0 | G22: 200 | H22: =F22+G22 -> 200 | I22: 0 | J22: =H22+I22 -> 200 | Q22: =J22 -> 200 | Y22: =Q22 -> 200 | Z22: =Y22 -> 200 | AA22: =Z22 -> 200
A23: 1901 | B23: Mynter og sedler | C23: 0 | D23: 918 | E23: 2103 | F23: 2103 | G23: -622 | H23: =F23+G23 -> 1481 | I23: 0 | J23: =H23+I23 -> 1481 | Q23: =J23 -> 1481 | Y23: =Q23 -> 1481 | Z23: =Y23 -> 1481 | AA23: =Z23 -> 1481
A24: 1909 | B24: Kassedifferanse | C24: 0 | D24: 70 | E24: 5952.7 | F24: 5952.7 | G24: -1979.72 | H24: =F24+G24 -> 3972.98 | I24: 0 | J24: =H24+I24 -> 3972.98 | Q24: =J24 -> 3972.98 | Y24: =Q24 -> 3972.98 | Z24: =Y24 -> 3972.98 | AA24: =Z24 -> 3972.98
A25: 19201 | B25: Driftskonto SPV 3626.36.30208 (36263630208) | C25: 38334.41 | D25: 72446.85 | E25: 29810.28 | F25: 29810.28 | G25: 8633.03 | H25: =F25+G25 -> 38443.31 | I25: 0 | J25: =H25+I25 -> 38443.31 | K25: 23.12.2025 | Q25: =J25 -> 38443.31 | Y25: =Q25 -> 38443.31 | Z25: =Y25 -> 38443.31 | AA25: =Z25 -> 38443.31
A26: 19501 | B26: Skattetrekkskonto SPV (36263687536) | C26: 0 | D26: 0 | E26: 10166 | F26: 10166 | G26: -8070 | H26: =F26+G26 -> 2096 | I26: 0 | J26: =H26+I26 -> 2096 | K26: 18.12.2025 | Q26: =J26 -> 2096 | Y26: =Q26 -> 2096 | Z26: =Y26 -> 2096 | AA26: =Z26 -> 2096
A27: 19601 | B27: Krypto - Coinbase Commerce (KRYPTO) | C27: 0 | D27: 0 | E27: 696 | F27: 696 | G27: 4163 | H27: =F27+G27 -> 4859 | I27: 0 | J27: =H27+I27 -> 4859 | Q27: =J27 -> 4859 | Y27: =Q27 -> 4859 | Z27: =Y27 -> 4859 | AA27: =Z27 -> 4859
A28: 2000 | B28: Aksjekapital / Egenkapital, bundet | C28: -60000 | D28: -120000 | E28: -120000 | F28: -120000 | G28: 0 | H28: =F28+G28 -> -120000 | I28: 0 | J28: =H28+I28 -> -120000 | R28: =J28 -> -120000 | T28: =R28 -> -120000 | W28: =T28 -> -120000 | Z28: 0 | AA28: =Z28 -> 0
A29: 2036 | B29: Stiftelseskostnader | C29: 5570 | D29: 0 | E29: 0 | F29: 0 | G29: 0 | H29: =F29+G29 -> 0 | I29: 0 | J29: =H29+I29 -> 0 | R29: =J29 -> 0 | Z29: 0 | AA29: =Z29 -> 0
A30: 2050 | B30: Annen egenkapital | C30: 0 | D30: 0 | E30: -10963.71 | F30: -10963.71 | G30: 0 | H30: =F30+G30 -> -10963.71 | I30: =-O9 -> -201059.02 | J30: =H30+I30 -> -212022.73 | R30: =J30 -> -212022.73 | U30: =R30 -> -212022.73 | Z30: 0 | AA30: =Z30 -> 0 | AB30: Diffeanse Kr 5 570, stiftelsekost mot annen Ek
A31: 2080 | B31: Udekket tap | C31: 30196.03 | D31: 63159.37 | E31: 0 | F31: 0 | G31: 0 | H31: =F31+G31 -> 0 | I31: 0 | J31: =H31+I31 -> 0 | R31: =J31 -> 0 | Z31: 0 | AA31: =Z31 -> 0
A32: 2400 | B32: Leverandørgjeld | C32: -10367.17 | D32: -75258.89 | E32: -244456.97 | F32: -244456.97 | G32: 233263.1 | H32: =F32+G32 -> -11193.87 | I32: 0 | J32: =H32+I32 -> -11193.87 | S32: =J32 -> -11193.87 | V32: -50000 | W32: =V32 -> -50000 | Y32: =S32 -> -11193.87 | Z32: =Y32 -> -11193.87 | AA32: =Z32 -> -11193.87 | AB32: Kortsiktig lån fra Omnishop AS /Anderse
A33: 2500 | B33: Betalbar skatt, ikke fastsatt | C33: 0 | D33: 0 | E33: -3105 | F33: -3105 | G33: 0 | H33: =F33+G33 -> -3105 | I33: =-I116 -> -56708.96 | J33: =H33+I33 -> -59813.96 | S33: =J33 -> -59813.96 | Y33: =S33 -> -59813.96 | Z33: =Y33 -> -59813.96 | AA33: =Z33 -> -59813.96 | AB33: Foreløpig beregnet skatt
A34: 2600 | B34: Forskuddstrekk (skatt på lønn) | C34: 0 | D34: 0 | E34: -10166 | F34: -10166 | G34: 8070 | H34: =F34+G34 -> -2096 | I34: 0 | J34: =H34+I34 -> -2096 | S34: =J34 -> -2096 | Y34: =S34 -> -2096 | Z34: =Y34 -> -2096 | AA34: =Z34 -> -2096
A35: 2701 | B35: Utgående mva, høy sats | C35: 0 | D35: 0 | E35: 0 | F35: 0 | G35: -215144.06 | H35: =F35+G35 -> -215144.06 | I35: 0 | J35: =H35+I35 -> -215144.06 | S35: =J35 -> -215144.06 | Y35: =S35 -> -215144.06 | Z35: =Y35 -> -215144.06 | AA35: =Z35 -> -215144.06
A36: 2702 | B36: Utgående mva, kjøp tjenester fra utlandet | C36: 0 | D36: 0 | E36: 0 | F36: 0 | G36: -173.96 | H36: =F36+G36 -> -173.96 | I36: 0 | J36: =H36+I36 -> -173.96 | S36: =J36 -> -173.96 | Y36: =S36 -> -173.96 | Z36: =Y36 -> -173.96 | AA36: =Z36 -> -173.96
A37: 2703 | B37: Utgående mva, middels sats | C37: 0 | D37: 0 | E37: 0 | F37: 0 | G37: -646.54 | H37: =F37+G37 -> -646.54 | I37: 0 | J37: =H37+I37 -> -646.54 | S37: =J37 -> -646.54 | Y37: =S37 -> -646.54 | Z37: =Y37 -> -646.54 | AA37: =Z37 -> -646.54
A38: 2711 | B38: Inngående mva, høy sats | C38: 0 | D38: 0 | E38: 0 | F38: 0 | G38: 110536.85 | H38: =F38+G38 -> 110536.85 | I38: 0 | J38: =H38+I38 -> 110536.85 | S38: =J38 -> 110536.85 | Y38: =S38 -> 110536.85 | Z38: =Y38 -> 110536.85 | AA38: =Z38 -> 110536.85
A39: 2712 | B39: Inngående mva, kjøp tjenester fra utlandet | C39: 0 | D39: 0 | E39: 0 | F39: 0 | G39: 173.96 | H39: =F39+G39 -> 173.96 | I39: 0 | J39: =H39+I39 -> 173.96 | S39: =J39 -> 173.96 | Y39: =S39 -> 173.96 | Z39: =Y39 -> 173.96 | AA39: =Z39 -> 173.96
A40: 2740 | B40: Oppgjørskonto mva (gjeld) | C40: 12137 | D40: -34187 | E40: -62478 | F40: -62478 | G40: 67815 | H40: =F40+G40 -> 5337 | I40: 0 | J40: =H40+I40 -> 5337 | S40: =J40 -> 5337 | Y40: =S40 -> 5337 | Z40: =Y40 -> 5337 | AA40: =Z40 -> 5337
A41: 2771 | B41: Skyldig arbeidsgiveravgift | C41: 0 | D41: 0 | E41: -4073 | F41: -4073 | G41: 1917 | H41: =F41+G41 -> -2156 | I41: 0 | J41: =H41+I41 -> -2156 | S41: =J41 -> -2156 | Y41: =S41 -> -2156 | Z41: =Y41 -> -2156 | AA41: =Z41 -> -2156
A42: 2785 | B42: Påløpt arbeidsgiveravgift ferielønn | C42: 0 | D42: 0 | E42: -415.64 | F42: -415.64 | G42: -1827.09 | H42: =F42+G42 -> -2242.73 | I42: 0 | J42: =H42+I42 -> -2242.73 | S42: =J42 -> -2242.73 | Y42: =S42 -> -2242.73 | Z42: =Y42 -> -2242.73 | AA42: =Z42 -> -2242.73
A43: 2790 | B43: Andre offentlige avgifter | C43: 0 | D43: 0 | E43: 0 | F43: 0 | G43: 5720 | H43: =F43+G43 -> 5720 | I43: 0 | J43: =H43+I43 -> 5720 | S43: =J43 -> 5720 | Y43: =S43 -> 5720 | Z43: =Y43 -> 5720 | AA43: =Z43 -> 5720
A44: 2915 | B44: Gjeld til eiere kortsiktig | C44: 0 | D44: -16390 | E44: -261225.25 | F44: -261225.25 | G44: 54811.05 | H44: =F44+G44 -> -206414.2 | I44: 0 | J44: =H44+I44 -> -206414.2 | S44: =J44 -> -206414.2 | V44: =S44 -> -206414.2 | W44: =V44 -> -206414.2 | Y44: =S44 -> -206414.2 | Z44: 0 | AA44: =Z44 -> 0
A45: 2916 | B45: Gjeld til eiere - Anders | C45: 0 | D45: 0 | E45: 22116.89 | F45: 22116.89 | G45: -442393.55 | H45: =F45+G45 -> -420276.66 | I45: 0 | J45: =H45+I45 -> -420276.66 | S45: =J45 -> -420276.66 | V45: =S45 -> -420276.66 | W45: =V45 -> -420276.66 | Y45: =S45 -> -420276.66 | Z45: 0 | AA45: =Z45 -> 0
A46: 2941 | B46: Skyldige feriepenger | C46: 0 | D46: 0 | E46: -2947.8 | F46: -2947.8 | G46: -12958.08 | H46: =F46+G46 -> -15905.88 | I46: 0 | J46: =H46+I46 -> -15905.88 | S46: =J46 -> -15905.88 | Y46: =S46 -> -15905.88 | Z46: =Y46 -> -15905.88 | AA46: =Z46 -> -15905.88
A47: 3000 | B47: Salgsinntekt varer, høy mva-sats | C47: 0 | D47: -1073288.9 | E47: -1636741.2 | F47: 0 | G47: -2706842.7 | H47: =F47+G47 -> -2706842.7 | I47: -55000 | J47: =H47+I47 -> -2761842.7 | L47: =C47 -> 0 | M47: =D47 -> -1073288.9 | N47: =E47 -> -1636741.2 | O47: =J47 -> -2761842.7 | P47: =SUM(L47:O47) -> -5471872.8 | AB47: Overført lager fra PD til Gro PRO
A48: 3030 | B48: Salgsinntekt varer, middels mva-sats | C48: 0 | D48: -26008.13 | E48: -1323.04 | F48: 0 | G48: -36641.11 | H48: =F48+G48 -> -36641.11 | I48: 0 | J48: =H48+I48 -> -36641.11 | L48: =C48 -> 0 | M48: =D48 -> -26008.13 | N48: =E48 -> -1323.04 | O48: =J48 -> -36641.11 | P48: =SUM(L48:O48) -> -63972.28
A49: 3100 | B49: Salgsinntekt varer, fritatt for mva | C49: 0 | D49: -49731.29 | E49: -630 | F49: 0 | G49: 0 | H49: =F49+G49 -> 0 | I49: 0 | J49: =H49+I49 -> 0 | L49: =C49 -> 0 | M49: =D49 -> -49731.29 | N49: =E49 -> -630 | O49: =J49 -> 0 | P49: =SUM(L49:O49) -> -50361.29
A50: 3120 | B50: Salgsinntekt tjenester, fritatt for mva | C50: 0 | D50: -50 | E50: 0 | F50: 0 | G50: 0 | H50: =F50+G50 -> 0 | I50: 0 | J50: =H50+I50 -> 0 | L50: =C50 -> 0 | M50: =D50 -> -50 | N50: =E50 -> 0 | O50: =J50 -> 0 | P50: =SUM(L50:O50) -> -50
A51: 3900 | B51: Annen driftsrelatert inntekt | C51: 0 | D51: -785.2 | E51: -61 | F51: 0 | G51: -271 | H51: =F51+G51 -> -271 | I51: 0 | J51: =H51+I51 -> -271 | L51: =C51 -> 0 | M51: =D51 -> -785.2 | N51: =E51 -> -61 | O51: =J51 -> -271 | P51: =SUM(L51:O51) -> -1117.2
A52: 4000 | B52: Råvarer og halvfabrikata | C52: 1886.25 | D52: 0 | E52: 0 | F52: 0 | G52: 961.96 | H52: =F52+G52 -> 961.96 | I52: 0 | J52: =H52+I52 -> 961.96 | L52: =C52 -> 1886.25 | M52: =D52 -> 0 | N52: =E52 -> 0 | O52: =J52 -> 961.96 | P52: =SUM(L52:O52) -> 2848.21
A53: 4060 | B53: Frakt og toll ved mottak av råvarer og halvfabrikata | C53: 190.4 | D53: 1329.8 | E53: 593 | F53: 0 | G53: 12700.38 | H53: =F53+G53 -> 12700.38 | I53: 0 | J53: =H53+I53 -> 12700.38 | L53: =C53 -> 190.4 | M53: =D53 -> 1329.8 | N53: =E53 -> 593 | O53: =J53 -> 12700.38 | P53: =SUM(L53:O53) -> 14813.58
A54: 4300 | B54: Varer for videresalg | C54: 48352.73 | D54: 1169531.7 | E54: 1006875 | F54: 0 | G54: 1963861.5 | H54: =F54+G54 -> 1963861.5 | I54: 0 | J54: =H54+I54 -> 1963861.5 | L54: =C54 -> 48352.73 | M54: =D54 -> 1169531.7 | N54: =E54 -> 1006875 | O54: =J54 -> 1963861.5 | P54: =SUM(L54:O54) -> 4188621
A55: 4330 | B55: Varer for videresalg, middels mva-sats | C55: 0 | D55: 0 | E55: 8268.56 | F55: 0 | G55: 7860.01 | H55: =F55+G55 -> 7860.01 | I55: 0 | J55: =H55+I55 -> 7860.01 | L55: =C55 -> 0 | M55: =D55 -> 0 | N55: =E55 -> 8268.56 | O55: =J55 -> 7860.01 | P55: =SUM(L55:O55) -> 16128.57
A56: 4360 | B56: Frakt og toll ved mottak av varer for videresalg | C56: 1046 | D56: 18558.79 | E56: 124139.48 | F56: 0 | G56: 26328.75 | H56: =F56+G56 -> 26328.75 | I56: 0 | J56: =H56+I56 -> 26328.75 | L56: =C56 -> 1046 | M56: =D56 -> 18558.79 | N56: =E56 -> 124139.48 | O56: =J56 -> 26328.75 | P56: =SUM(L56:O56) -> 170073.02
A57: 4390 | B57: Endring i varer for videresalg (kun varetelling) | C57: -32991.61 | D57: -291555.68 | E57: -105353 | F57: 0 | G57: -323771.52 | H57: =F57+G57 -> -323771.52 | I57: 55000 | J57: =H57+I57 -> -268771.52 | L57: =C57 -> -32991.61 | M57: =D57 -> -291555.68 | N57: =E57 -> -105353 | O57: =J57 -> -268771.52 | P57: =SUM(L57:O57) -> -698671.81 | AB57: Varelagerjustering
A58: 4391 | B58: Endring avsetning ukuranse | C58: 0 | D58: 0 | E58: 0 | F58: 0 | G58: 0 | H58: =F58+G58 -> 0 | I58: 0 | J58: =H58+I58 -> 0 | L58: =C58 -> 0 | M58: =D58 -> 0 | N58: =E58 -> 0 | O58: =J58 -> 0 | P58: =SUM(L58:O58) -> 0 | AB58: Ukurans er hensyntat ved telling
A59: 4500 | B59: Innleid arbeidskraft, fremmedytelse og underentreprenør | C59: 0 | D59: 5915.8 | E59: 4500 | F59: 0 | G59: 0 | H59: =F59+G59 -> 0 | I59: 0 | J59: =H59+I59 -> 0 | L59: =C59 -> 0 | M59: =D59 -> 5915.8 | N59: =E59 -> 4500 | O59: =J59 -> 0 | P59: =SUM(L59:O59) -> 10415.8
A60: 4600 | B60: Emballasje og pakker | C60: 0 | D60: 0 | E60: 191.6 | F60: 0 | G60: 0 | H60: =F60+G60 -> 0 | I60: 0 | J60: =H60+I60 -> 0 | L60: =C60 -> 0 | M60: =D60 -> 0 | N60: =E60 -> 191.6 | O60: =J60 -> 0 | P60: =SUM(L60:O60) -> 191.6
A61: 5001 | B61: Lønn til ansatte | C61: 0 | D61: 0 | E61: 28900 | F61: 0 | G61: 155940 | H61: =F61+G61 -> 155940 | I61: 0 | J61: =H61+I61 -> 155940 | L61: =C61 -> 0 | M61: =D61 -> 0 | N61: =E61 -> 28900 | O61: =J61 -> 155940 | P61: =SUM(L61:O61) -> 184840
A62: 5092 | B62: Feriepenger | C62: 0 | D62: 0 | E62: 2947.8 | F62: 0 | G62: 15905.88 | H62: =F62+G62 -> 15905.88 | I62: 0 | J62: =H62+I62 -> 15905.88 | L62: =C62 -> 0 | M62: =D62 -> 0 | N62: =E62 -> 2947.8 | O62: =J62 -> 15905.88 | P62: =SUM(L62:O62) -> 18853.68
A63: 5401 | B63: Arbeidsgiveravgift | C63: 0 | D63: 0 | E63: 4074.9 | F63: 0 | G63: 22406.88 | H63: =F63+G63 -> 22406.88 | I63: 0 | J63: =H63+I63 -> 22406.88 | L63: =C63 -> 0 | M63: =D63 -> 0 | N63: =E63 -> 4074.9 | O63: =J63 -> 22406.88 | P63: =SUM(L63:O63) -> 26481.78
A64: 5405 | B64: Arbeidsgiveravgift av påløpte feriepenger | C64: 0 | D64: 0 | E64: 415.64 | F64: 0 | G64: 2242.73 | H64: =F64+G64 -> 2242.73 | I64: 0 | J64: =H64+I64 -> 2242.73 | L64: =C64 -> 0 | M64: =D64 -> 0 | N64: =E64 -> 415.64 | O64: =J64 -> 2242.73 | P64: =SUM(L64:O64) -> 2658.37
A65: 5911 | B65: Kantine, snacks og drikke til kontoret | C65: 0 | D65: 228.11 | E65: 0 | F65: 0 | G65: 0 | H65: =F65+G65 -> 0 | I65: 0 | J65: =H65+I65 -> 0 | L65: =C65 -> 0 | M65: =D65 -> 228.11 | N65: =E65 -> 0 | O65: =J65 -> 0 | P65: =SUM(L65:O65) -> 228.11
A66: 5915 | B66: Overtidsmat | C66: 1400 | D66: 2794.3 | E66: 0 | F66: 0 | G66: 452.99 | H66: =F66+G66 -> 452.99 | I66: 0 | J66: =H66+I66 -> 452.99 | L66: =C66 -> 1400 | M66: =D66 -> 2794.3 | N66: =E66 -> 0 | O66: =J66 -> 452.99 | P66: =SUM(L66:O66) -> 4647.29
A67: 5950 | B67: Obligatorisk tjenestepensjon (OTP) | C67: 0 | D67: 0 | E67: 0 | F67: 0 | G67: 3708 | H67: =F67+G67 -> 3708 | I67: 0 | J67: =H67+I67 -> 3708 | L67: =C67 -> 0 | M67: =D67 -> 0 | N67: =E67 -> 0 | O67: =J67 -> 3708 | P67: =SUM(L67:O67) -> 3708
A68: 5990 | B68: Annen personalkostnad | C68: 132.69 | D68: 2626 | E68: 435.37 | F68: 0 | G68: 0 | H68: =F68+G68 -> 0 | I68: 0 | J68: =H68+I68 -> 0 | L68: =C68 -> 132.69 | M68: =D68 -> 2626 | N68: =E68 -> 435.37 | O68: =J68 -> 0 | P68: =SUM(L68:O68) -> 3194.06
A69: 6100 | B69: Frakt, transportkostnad og forsikring ved utsending av varer | C69: 0 | D69: 30636.13 | E69: 35127.64 | F69: 0 | G69: 78678.27 | H69: =F69+G69 -> 78678.27 | I69: 0 | J69: =H69+I69 -> 78678.27 | L69: =C69 -> 0 | M69: =D69 -> 30636.13 | N69: =E69 -> 35127.64 | O69: =J69 -> 78678.27 | P69: =SUM(L69:O69) -> 144442.04
A70: 6190 | B70: Annen frakt- og transportkostnad ved salg | C70: 0 | D70: 0 | E70: 248.8 | F70: 0 | G70: 0 | H70: =F70+G70 -> 0 | I70: 0 | J70: =H70+I70 -> 0 | L70: =C70 -> 0 | M70: =D70 -> 0 | N70: =E70 -> 248.8 | O70: =J70 -> 0 | P70: =SUM(L70:O70) -> 248.8
... A72: 6399 | B72: Annen kostnad lokaler | C72: 0 | D72: 3637.88 | E72: 2904.8 | F72: 0 | G72: 0 | H72: =F72+G72 -> 0 | I72: 0 | J72: =H72+I72 -> 0 | L72: =C72 -> 0 | M72: =D72 -> 3637.88 | N72: =E72 -> 2904.8 | O72: =J72 -> 0 | P72: =SUM(L72:O72) -> 6542.68
A73: 6341 | B73: Strøm og oppvarming av lokaler | C73: 0 | D73: 0 | E73: 12132 | F73: 0 | G73: 0 | H73: 0 | I73: 0 | J73: =H73+I73 -> 0 | L73: =C73 -> 0 | M73: =D73 -> 0 | N73: =E73 -> 12132 | O73: =J73 -> 0 | P73: =SUM(L73:O73) -> 12132
A74: 6360 | B74: Renhold av lokaler | C74: 0 | D74: 0 | E74: 242.16 | I74: 0 | J74: =H74+I74 -> 0 | L74: =C74 -> 0 | M74: =D74 -> 0 | N74: =E74 -> 242.16 | O74: =J74 -> 0 | P74: =SUM(L74:O74) -> 242.16
A75: 6420 | B75: Leie datasystemer | C75: 0 | D75: 3279.07 | E75: 7877.2 | F75: 0 | G75: 10487.95 | H75: =F75+G75 -> 10487.95 | I75: 0 | J75: =H75+I75 -> 10487.95 | L75: =C75 -> 0 | M75: =D75 -> 3279.07 | N75: =E75 -> 7877.2 | O75: =J75 -> 10487.95 | P75: =SUM(L75:O75) -> 21644.22
A76: 6440 | B76: Leie og leasing av transportmidler | C76: 0 | D76: 845.83 | E76: 2283.7 | F76: 0 | G76: 11785.11 | H76: =F76+G76 -> 11785.11 | I76: 0 | J76: =H76+I76 -> 11785.11 | L76: =C76 -> 0 | M76: =D76 -> 845.83 | N76: =E76 -> 2283.7 | O76: =J76 -> 11785.11 | P76: =SUM(L76:O76) -> 14914.64
A77: 6500 | B77: Verktøy og utstyr | C77: 0 | D77: 1600 | E77: 0 | F77: 0 | G77: 135.2 | H77: =F77+G77 -> 135.2 | I77: 0 | J77: =H77+I77 -> 135.2 | L77: =C77 -> 0 | M77: =D77 -> 1600 | N77: =E77 -> 0 | O77: =J77 -> 135.2 | P77: =SUM(L77:O77) -> 1735.2
A78: 6510 | B78: Håndverktøy | C78: 9177.12 | D78: 0 | E78: 0 | F78: 0 | G78: 0 | H78: =F78+G78 -> 0 | I78: 0 | J78: =H78+I78 -> 0 | L78: =C78 -> 9177.12 | M78: =D78 -> 0 | N78: =E78 -> 0 | O78: =J78 -> 0 | P78: =SUM(L78:O78) -> 9177.12
A79: 6540 | B79: Møbler, interiør og annet inventar | C79: 0 | D79: 8387.2 | E79: 8085.6 | F79: 0 | G79: 20685.4 | H79: =F79+G79 -> 20685.4 | I79: 0 | J79: =H79+I79 -> 20685.4 | L79: =C79 -> 0 | M79: =D79 -> 8387.2 | N79: =E79 -> 8085.6 | O79: =J79 -> 20685.4 | P79: =SUM(L79:O79) -> 37158.2
A80: 6551 | B80: Data, telefon og andre kontormaskiner | C80: 0 | D80: 22469.92 | E80: 6000 | F80: 0 | G80: 12312 | H80: =F80+G80 -> 12312 | I80: 0 | J80: =H80+I80 -> 12312 | L80: =C80 -> 0 | M80: =D80 -> 22469.92 | N80: =E80 -> 6000 | O80: =J80 -> 12312 | P80: =SUM(L80:O80) -> 40781.92
A81: 6552 | B81: Programvare anskaffelse | C81: 531.96 | D81: 0 | E81: 1073.23 | F81: 0 | G81: 505.44 | H81: =F81+G81 -> 505.44 | I81: 0 | J81: =H81+I81 -> 505.44 | L81: =C81 -> 531.96 | M81: =D81 -> 0 | N81: =E81 -> 1073.23 | O81: =J81 -> 505.44 | P81: =SUM(L81:O81) -> 2110.63
A82: 6553 | B82: Programvare | C82: 264 | D82: 8490.19 | E82: 11045.46 | F82: 0 | G82: 10091.59 | H82: =F82+G82 -> 10091.59 | I82: 0 | J82: =H82+I82 -> 10091.59 | L82: =C82 -> 264 | M82: =D82 -> 8490.19 | N82: =E82 -> 11045.46 | O82: =J82 -> 10091.59 | P82: =SUM(L82:O82) -> 29891.24
A83: 6560 | B83: Bedriftens forbruksmateriell (ikke kontorrekvisita) | C83: 0 | D83: 976.72 | E83: 1600 | F83: 0 | G83: -359 | H83: =F83+G83 -> -359 | I83: 0 | J83: =H83+I83 -> -359 | L83: =C83 -> 0 | M83: =D83 -> 976.72 | N83: =E83 -> 1600 | O83: =J83 -> -359 | P83: =SUM(L83:O83) -> 2217.72
A84: 6590 | B84: Annet driftsmateriale | C84: 0 | D84: 0 | E84: 0 | F84: 0 | G84: 485 | H84: =F84+G84 -> 485 | I84: 0 | J84: =H84+I84 -> 485 | L84: =C84 -> 0 | M84: =D84 -> 0 | N84: =E84 -> 0 | O84: =J84 -> 485 | P84: =SUM(L84:O84) -> 485
A85: 6702 | B85: Honorar annen bistand fra revisor | C85: 0 | D85: 6000 | E85: 0 | F85: 0 | G85: 0 | H85: =F85+G85 -> 0 | I85: 0 | J85: =H85+I85 -> 0 | L85: =C85 -> 0 | M85: =D85 -> 6000 | N85: =E85 -> 0 | O85: =J85 -> 0 | P85: =SUM(L85:O85) -> 6000
A86: 6705 | B86: Regnskapshonorar | C86: 0 | D86: 2464 | E86: 3791 | F86: 0 | G86: 7664 | H86: =F86+G86 -> 7664 | I86: 0 | J86: =H86+I86 -> 7664 | L86: =C86 -> 0 | M86: =D86 -> 2464 | N86: =E86 -> 3791 | O86: =J86 -> 7664 | P86: =SUM(L86:O86) -> 13919
... A107: 7831 | B107: Tap på fordringer, med skattefradrag | C107: 0 | D107: 20464.5 | E107: 0 | F107: 0 | G107: 3389.02 | H107: =F107+G107 -> 3389.02 | I107: 0 | J107: =H107+I107 -> 3389.02 | L107: =C107 -> 0 | M107: =D107 -> 20464.5 | N107: =E107 -> 0 | O107: =J107 -> 3389.02 | P107: =SUM(L107:O107) -> 23853.52
A108: 7832 | B108: Endring tapsavsetning | C108: 0 | D108: 0 | E108: 0 | F108: 0 | G108: 0 | H108: =F108+G108 -> 0 | I108: 50000 | J108: =H108+I108 -> 50000 | L108: =C108 -> 0 | M108: =D108 -> 0 | N108: =E108 -> 0 | O108: =J108 -> 50000 | P108: =SUM(L108:O108) -> 50000 | AB108: Tap på fordringer avsetning 311225
A109: 8051 | B109: Renteinntekt bankinnskudd | C109: 0 | D109: 0 | E109: 0 | F109: 0 | G109: -130 | H109: =F109+G109 -> -130 | I109: 0 | J109: =H109+I109 -> -130 | L109: =C109 -> 0 | M109: =D109 -> 0 | N109: =E109 -> 0 | O109: =J109 -> -130 | P109: =SUM(L109:O109) -> -130
A110: 8060 | B110: Valutagevinst (agio) | C110: 0 | D110: 0 | E110: 16.78 | F110: 0 | G110: -50544.6 | H110: =F110+G110 -> -50544.6 | I110: 0 | J110: =H110+I110 -> -50544.6 | L110: =C110 -> 0 | M110: =D110 -> 0 | N110: =E110 -> 16.78 | O110: =J110 -> -50544.6 | P110: =SUM(L110:O110) -> -50527.82
A111: 8140 | B111: Rentekostnad, uten skattefradrag | C111: 0 | D111: 0 | E111: 0 | F111: 0 | G111: 13212 | H111: =F111+G111 -> 13212 | I111: 0 | J111: =H111+I111 -> 13212 | L111: =C111 -> 0 | M111: =D111 -> 0 | N111: =E111 -> 0 | O111: =J111 -> 13212 | P111: =SUM(L111:O111) -> 13212
A112: 8154 | B112: Renter/provisjon kassekreditt | C112: 0 | D112: 16 | E112: 0 | F112: 0 | G112: 0 | H112: =F112+G112 -> 0 | I112: 0 | J112: =H112+I112 -> 0 | L112: =C112 -> 0 | M112: =D112 -> 16 | N112: =E112 -> 0 | O112: =J112 -> 0 | P112: =SUM(L112:O112) -> 16
A113: 8155 | B113: Rentekostnad leverandørgjeld | C113: 0 | D113: 1188.83 | E113: 480 | F113: 0 | G113: 87 | H113: =F113+G113 -> 87 | I113: 0 | J113: =H113+I113 -> 87 | L113: =C113 -> 0 | M113: =D113 -> 1188.83 | N113: =E113 -> 480 | O113: =J113 -> 87 | P113: =SUM(L113:O113) -> 1755.83
A114: 8159 | B114: Annen rentekostnad | C114: 0 | D114: 0 | E114: 0 | F114: 0 | G114: 130998.23 | H114: =F114+G114 -> 130998.23 | I114: 0 | J114: =H114+I114 -> 130998.23 | L114: =C114 -> 0 | M114: =D114 -> 0 | N114: =E114 -> 0 | O114: =J114 -> 130998.23 | P114: =SUM(L114:O114) -> 130998.23
A115: 8160 | B115: Valutatap (disagio) | C115: 0 | D115: 673.83 | E115: 6921.62 | F115: 0 | G115: 19903.41 | H115: =F115+G115 -> 19903.41 | I115: 0 | J115: =H115+I115 -> 19903.41 | L115: =C115 -> 0 | M115: =D115 -> 673.83 | N115: =E115 -> 6921.62 | O115: =J115 -> 19903.41 | P115: =SUM(L115:O115) -> 27498.86
A116: 8300 | B116: Betalbar skatt, ikke fastsatt | C116: 0 | D116: 0 | E116: 3105 | F116: 0 | G116: 0 | H116: =F116+G116 -> 0 | I116: =257768*22% -> 56708.96 | J116: =H116+I116 -> 56708.96 | L116: =C116 -> 0 | M116: =D116 -> 0 | N116: =E116 -> 3105 | O116: =J116 -> 56708.96 | P116: =SUM(L116:O116) -> 59813.96 | AB116: Foreløpig beregnet skatt
A117: 8961 | B117: Overføringer annen EK | C117: 0 | D117: 0 | E117: 74123.08 | F117: 0 | G117: 0 | H117: =F117+G117 -> 0 | I117: =O9 -> 201059.02 | J117: =H117+I117 -> 201059.02 | AB117: Overskudd til annen EK
A118: 8990 | B118: Overføringer udekket tap | C118: -30196.03 | D118: -27393.34 | E118: 0 | F118: 0 | G118: 0 | H118: =F118+G118 -> 0 | I118: 0 | J118: =H118+I118 -> 0

Sheet GRO PRO AS 2024 OG 2025 
B1: ='NØKKELTALL OVERORDNET AVTALE '!A2 -> 46031
G2: NØKKELTALL | J2: Resultat 2024 | K2: Resultat 2025 | L2: Res. Fra etablering
G3: Salgsinntekter | J3: =-SUM(J27:J28) -> 96973.39 | K3: =-SUM(K27:K28) -> 613516.26 | L3: =-SUM(L27:L28) -> 710489.65
G4: Vareforbruk | J4: =-SUM(J29:J35) -> -212215.97 | K4: =-SUM(K29:K35) -> -475426 | L4: =-SUM(L29:L35) -> -687641.97
G5: Brutto kroner | J5: =J3+J4 -> -115242.58 | K5: =K3+K4 -> 138090.26 | L5: =L3+L4 -> 22847.68
G6: Brutto % | J6: =J5/J3 -> -1.1883938 | K6: =K5/K3 -> 0.22508003 | L6: =L5/L3 -> 0.032157654
G7: Driftskostnader | J7: =SUM(J36:J48) -> 151287.26 | K7: =SUM(K36:K48) -> 239883.18 | L7: =SUM(L36:L48) -> 391170.44
G8: Driftskostnader i % av inntekter | J8: =J7/J3 -> 1.5600905 | K8: =K7/K3 -> 0.39099727 | L8: =L7/L3 -> 0.55056459
B10: SUM FILTER UTVALG | C10: =-SUBTOTAL(9,C12:C401) -> 0 | D10: =-SUBTOTAL(9,D12:D401) -> 0 | E10: =-SUBTOTAL(9,E12:E401) -> 4.5474735e-13 | F10: =-SUBTOTAL(9,F12:F401) -> 4.5474735e-13 | G10: =-SUBTOTAL(9,G12:G401) -> 0 | H10: =-SUBTOTAL(9,H12:H401) -> 0 | I10: =-SUBTOTAL(9,I12:I401) -> 0 | J10: =-SUBTOTAL(9,J12:J401) -> -266860.46 | ... L10: =-SUBTOTAL(9,L12:L401) -> -372432.78 | M10: =SUBTOTAL(9,M12:M401) -> 366362.42 | N10: =-SUBTOTAL(9,N12:N401) -> 69783.22 | O10: =SUBTOTAL(9,O12:O401) -> -296579.2 | P10: =-SUBTOTAL(9,P12:P401) -> 448000 | Q10: =-SUBTOTAL(9,Q12:Q401) -> -372432.78 | R10: =-SUBTOTAL(9,R12:R401) -> 50000 | S10: =-SUBTOTAL(9,S12:S401) -> 498000 | T10: =SUBTOTAL(9,T12:T401) -> -194616 | U10: =SUBTOTAL(9,U12:U401) -> 69783.22 | V10: =SUBTOTAL(9,V12:V401) -> -10713.63 | W10: =SUBTOTAL(9,W12:W401) -> 314399.22
A11: Kontonr | B11: Konto | C11: SB 31 12 2024 | D11: IB 010125 | E11: Bevegelse 2025 | F11: UB 31 12 2025 | G11: Korreksjon 2025 | H11: 31 12 2025 | I11: Avstemt til | J11: Resultat 2024 | K11: Resultat 2025 | L11: Res. Fra etablering | M11: Eiendeler 2025 | N11: Egenkapital | O11: Gjeld totalt | P11: Innskutt EK | Q11: Res. fra etablering | R11: Innskutt lån | S11: Innskutt totalt | T11: Internt selskaper | U11: Arbeidskapital | V11: Eks. intern og lager | W11: Eks intern med lager | X11: Kommentarer Svein
A12: 1461 | B12: Varelager: Varer for videresalg, emballasje og demonstrasjonsvarer | C12: 0 | D12: 0 | E12: 325112.85 | F12: =D12+E12 -> 325112.85 | G12: 0 | H12: =F12+G12 -> 325112.85 | M12: =H12 -> 325112.85 | N12: 0 | O12: 0 | P12: 0 | Q12: 0 | R12: 0 | S12: 0 | T12: 0 | U12: =M12 -> 325112.85 | V12: 0 | W12: =U12 -> 325112.85 | X12: Overføring av lager fra PD er med i lager
A13: 1463 | B13: Nedskriving lager for ukurans | C13: 0 | D13: 0 | E13: 0 | F13: =D13+E13 -> 0 | G13: 0 | H13: =F13+G13 -> 0 | M13: =H13 -> 0 | N13: 0 | O13: 0 | P13: 0 | Q13: 0 | R13: 0 | S13: 0 | T13: 0 | U13: =H13 -> 0 | V13: 0 | W13: =U13 -> 0 | X13: Vurder kurans lager
A14: 1500 | B14: Kundefordringer | C14: 0 | D14: 0 | E14: 43023 | F14: =D14+E14 -> 43023 | G14: 0 | H14: =F14+G14 -> 43023 | M14: =H14 -> 43023 | N14: 0 | O14: 0 | P14: 0 | Q14: 0 | R14: 0 | S14: 0 | T14: 43023 | U14: =M14 -> 43023 | V14: 0 | W14: 0 | X14: fordring mot PD ref. fakturering overføring lager
A15: 19201 | B15: Driftskonto (36062185605) | C15: 64404.21 | D15: 64404.21 | E15: -66177.64 | F15: =D15+E15 -> -1773.43 | G15: 0 | H15: =F15+G15 -> -1773.43 | I15: 30.11.2025 | M15: =H15 -> -1773.43 | N15: 0 | O15: 0 | P15: 0 | Q15: 0 | R15: 0 | S15: 0 | T15: 0 | U15: =M15 -> -1773.43 | V15: =U15 -> -1773.43 | W15: =V15 -> -1773.43
A16: 19202 | B16: Folio-kort (36062185613) | C16: 5660.33 | D16: 5660.33 | E16: -5660.33 | F16: =D16+E16 -> 0 | G16: 0 | H16: =F16+G16 -> 0 | I16: 30.11.2025 | M16: =H16 -> 0 | N16: 0 | O16: 0 | P16: 0 | Q16: 0 | R16: 0 | S16: 0 | T16: 0 | U16: 0 | V16: =U16 -> 0 | W16: 0
A17: 2000 | B17: Aksjekapital / Egenkapital, bundet | C17: -30000 | D17: -30000 | E17: 0 | F17: =D17+E17 -> -30000 | G17: 0 | H17: =F17+G17 -> -30000 | M17: 0 | N17: =H17 -> -30000 | O17: 0 | P17: =N17 -> -30000 | Q17: 0 | R17: 0 | S17: =P17+R17 -> -30000 | T17: 0 | U17: 0 | V17: =U17 -> 0 | W17: 0
A18: 2020 | B18: Overkurs | C18: -358000 | D18: -358000 | E18: 0 | F18: =D18+E18 -> -358000 | G18: 0 | H18: =F18+G18 -> -358000 | M18: 0 | N18: =H18 -> -358000 | O18: 0 | P18: =N18 -> -358000 | Q18: 0 | R18: 0 | S18: =P18+R18 -> -358000 | T18: 0 | U18: 0 | V18: =U18 -> 0 | W18: 0
A19: 2036 | B19: Stiftelsesutgifter | C19: 5784 | D19: 5784 | E19: 0 | F19: =D19+E19 -> 5784 | G19: 0 | H19: =F19+G19 -> 5784 | M19: 0 | N19: =H19 -> 5784 | O19: 0 | P19: 0 | Q19: 0 | R19: 0 | S19: =P19+R19 -> 0 | T19: 0 | U19: 0 | V19: =U19 -> 0 | W19: 0
A20: 2050 | B20: Annen egenkapital | C20: 0 | D20: 0 | E20: -60000 | F20: =D20+E20 -> -60000 | G20: 0 | H20: =F20+G20 -> -60000 | M20: 0 | N20: =H20 -> -60000 | O20: 0 | P20: =N20 -> -60000 | Q20: 0 | R20: 0 | S20: =P20+R20 -> -60000 | T20: 0 | U20: 0 | V20: =U20 -> 0 | W20: 0 | X20: Dette er et lån fra aksjonær , skulle vært flyttet til lån
A21: 2080 | B21: Udekket tap | C21: 266860.46 | D21: 266860.46 | E21: 0 | F21: =D21+E21 -> 266860.46 | G21: =-K10 -> 105572.32 | H21: =F21+G21 -> 372432.78 | M21: 0 | N21: =H21 -> 372432.78 | O21: 0 | P21: 0 | Q21: =N21 -> 372432.78 | R21: 0 | S21: =P21+R21 -> 0 | T21: 0 | U21: 0 | V21: =U21 -> 0 | W21: 0
A22: 2255 | B22: Gjeld til eiere langsiktig | C22: 0 | D22: 0 | E22: -50000 | F22: =D22+E22 -> -50000 | G22: 0 | H22: =F22+G22 -> -50000 | M22: 0 | N22: 0 | O22: =H22 -> -50000 | P22: 0 | Q22: 0 | R22: =O22 -> -50000 | S22: =P22+R22 -> -50000 | T22: 0 | U22: =O22 -> -50000 | V22: 0 | W22: 0 | X22: Er det laget låneavtale, betingelser må avklares
A23: 2400 | B23: Leverandørgjeld | C23: 0 | D23: 0 | E23: -7246.34 | F23: =D23+E23 -> -7246.34 | G23: =-182639-55000 -> -237639 | H23: =F23+G23 -> -244885.34 | M23: 0 | N23: 0 | O23: =H23 -> -244885.34 | P23: 0 | Q23: 0 | R23: 0 | S23: 0 | T23: =G23 -> -237639 | U23: =O23 -> -244885.34 | V23: =F23 -> -7246.34 | W23: =V23 -> -7246.34 | X23: Faktura fra PD ikke bokført , er dette TALT ?
A24: 2701 | B24: Utgående mva, høy sats | C24: 0 | D24: 0 | E24: -45021.95 | F24: =D24+E24 -> -45021.95 | G24: 0 | H24: =F24+G24 -> -45021.95 | M24: 0 | N24: 0 | O24: =H24 -> -45021.95 | P24: 0 | Q24: 0 | R24: 0 | S24: 0 | T24: 0 | U24: =O24 -> -45021.95 | V24: =U24 -> -45021.95 | W24: =V24 -> -45021.95
A25: 2711 | B25: Inngående mva, høy sats | C25: 0 | D25: 0 | E25: 6903.29 | F25: =D25+E25 -> 6903.29 | G25: =182639-146111.2 -> 36527.8 | H25: =F25+G25 -> 43431.09 | M25: 0 | N25: 0 | O25: =H25 -> 43431.09 | P25: 0 | Q25: 0 | R25: 0 | S25: 0 | T25: 0 | U25: =O25 -> 43431.09 | V25: =U25 -> 43431.09 | W25: =V25 -> 43431.09 | X25: Mva inngående faktura fra PD
A26: 2740 | B26: Oppgjørskonto mva (gjeld) | C26: 45291 | D26: 45291 | E26: -45394 | F26: =D26+E26 -> -103 | G26: 0 | H26: =F26+G26 -> -103 | M26: 0 | N26: 0 | O26: =H26 -> -103 | P26: 0 | Q26: 0 | R26: 0 | S26: 0 | T26: 0 | U26: =O26 -> -103 | V26: =U26 -> -103 | W26: =V26 -> -103
A27: 3000 | B27: Salgsinntekt varer, høy mva-sats | C27: -96973.39 | D27: 0 | E27: -611828.26 | F27: =D27+E27 -> -611828.26 | G27: 0 | H27: =F27+G27 -> -611828.26 | J27: =C27 -> -96973.39 | K27: =H27 -> -611828.26 | L27: =J27+K27 -> -708801.65
A28: 3200 | B28: Salgsinntekt varer, unntatt for mva | C28: 0 | D28: 0 | E28: -1688 | F28: =D28+E28 -> -1688 | G28: 0 | H28: =F28+G28 -> -1688 | J28: =C28 -> 0 | K28: =H28 -> -1688 | L28: =J28+K28 -> -1688
A29: 4000 | B29: Råvarer og halvfabrikata | C29: 0 | D29: 0 | E29: 312273.86 | F29: =D29+E29 -> 312273.86 | G29: 0 | H29: =F29+G29 -> 312273.86 | J29: =C29 -> 0 | K29: =H29 -> 312273.86 | L29: =J29+K29 -> 312273.86
A30: 4060 | B30: Frakt og toll ved mottak av råvarer og halvfabrikata | C30: 2043 | D30: 0 | E30: 19387 | F30: =D30+E30 -> 19387 | G30: 0 | H30: =F30+G30 -> 19387 | J30: =C30 -> 2043 | K30: =H30 -> 19387 | L30: =J30+K30 -> 21430
A31: 4300 | B31: Varer for videresalg | C31: 208463.47 | D31: 0 | E31: 259298.39 | F31: =D31+E31 -> 259298.39 | G31: =146111.2+55000 -> 201111.2 | H31: =F31+G31 -> 460409.59 | J31: =C31 -> 208463.47 | K31: =H31 -> 460409.59 | L31: =J31+K31 -> 668873.06 | X31: Faktura fra PD ikke bokført , er dette TALT ?
A32: 4360 | B32: Frakt og toll ved mottak av varer for videresalg | C32: 847.5 | D32: 0 | E32: 7607.6 | F32: =D32+E32 -> 7607.6 | G32: 0 | H32: =F32+G32 -> 7607.6 | J32: =C32 -> 847.5 | K32: =H32 -> 7607.6 | L32: =J32+K32 -> 8455.1
A33: 4390 | B33: Endring i varer for videresalg (kun varetelling) | C33: 0 | D33: 0 | E33: -325112.85 | F33: =D33+E33 -> -325112.85 | G33: 0 | H33: =F33+G33 -> -325112.85 | J33: =C33 -> 0 | K33: =H33 -> -325112.85 | L33: =J33+K33 -> -325112.85 | X33: Har forutsatt at faktura PD skal tilføres lager 311225
A34: 4391 | B34: Endring nedskriving for ukurans | C34: 0 | D34: 0 | E34: 0 | F34: =D34+E34 -> 0 | G34: 0 | H34: =F34+G34 -> 0 | J34: =C34 -> 0 | K34: =H34 -> 0 | L34: =J34+K34 -> 0
A35: 4600 | B35: Emballasje og pakker | C35: 862 | D35: 0 | E35: 860.8 | F35: =D35+E35 -> 860.8 | G35: 0 | H35: =F35+G35 -> 860.8 | J35: =C35 -> 862 | K35: =H35 -> 860.8 | L35: =J35+K35 -> 1722.8
A36: 6100 | B36: Frakt, transportkostnad og forsikring ved utsending av varer | C36: 4382.87 | D36: 0 | E36: 73081.65 | F36: =D36+E36 -> 73081.65 | G36: 0 | H36: =F36+G36 -> 73081.65 | J36: =C36 -> 4382.87 | K36: =H36 -> 73081.65 | L36: =J36+K36 -> 77464.52
A37: 6300 | B37: Leie lokale | C37: 0 | D37: 0 | E37: 26800 | F37: =D37+E37 -> 26800 | G37: 0 | H37: =F37+G37 -> 26800 | J37: =C37 -> 0 | K37: =H37 -> 26800 | L37: =J37+K37 -> 26800
A38: 6400 | B38: Leie maskiner | C38: 0 | D38: 0 | E38: 23828.67 | F38: =D38+E38 -> 23828.67 | G38: 0 | H38: =F38+G38 -> 23828.67 | J38: =C38 -> 0 | K38: =H38 -> 23828.67 | L38: =J38+K38 -> 23828.67
A39: 6500 | B39: Verktøy og utstyr | C39: 0 | D39: 0 | E39: 3199.2 | F39: =D39+E39 -> 3199.2 | G39: 0 | H39: =F39+G39 -> 3199.2 | J39: =C39 -> 0 | K39: =H39 -> 3199.2 | L39: =J39+K39 -> 3199.2
A40: 6540 | B40: Møbler, interiør og annet inventar | C40: 0 | D40: 0 | E40: 11729.36 | F40: =D40+E40 -> 11729.36 | G40: 0 | H40: =F40+G40 -> 11729.36 | J40: =C40 -> 0 | K40: =H40 -> 11729.36 | L40: =J40+K40 -> 11729.36
A41: 6551 | B41: Data, telefon og andre kontormaskiner | C41: 2775.2 | D41: 0 | E41: 0 | F41: =D41+E41 -> 0 | G41: 0 | H41: =F41+G41 -> 0 | J41: =C41 -> 2775.2 | K41: =H41 -> 0 | L41: =J41+K41 -> 2775.2
A42: 6553 | B42: Programvare | C42: 132593.07 | D42: 0 | E42: 95988.2 | F42: =D42+E42 -> 95988.2 | G42: 0 | H42: =F42+G42 -> 95988.2 | J42: =C42 -> 132593.07 | K42: =H42 -> 95988.2 | L42: =J42+K42 -> 228581.27 | X42: Høye kostnader ved etablering , nettbutikk mm.
A43: 6560 | B43: Bedriftens forbruksmateriell (ikke kontorrekvisita) | C43: 0 | D43: 0 | E43: 372.8 | F43: =D43+E43 -> 372.8 | G43: 0 | H43: =F43+G43 -> 372.8 | J43: =C43 -> 0 | K43: =H43 -> 372.8 | L43: =J43+K43 -> 372.8
A44: 6800 | B44: Kontorrekvisita | C44: 11535 | D44: 0 | E44: 1266.4 | F44: =D44+E44 -> 1266.4 | G44: 0 | H44: =F44+G44 -> 1266.4 | J44: =C44 -> 11535 | K44: =H44 -> 1266.4 | L44: =J44+K44 -> 12801.4
A45: 7740 | B45: Øreavrunding | C45: 1.12 | D45: 0 | E45: -1.32 | F45: =D45+E45 -> -1.32 | G45: 0 | H45: =F45+G45 -> -1.32 | J45: =C45 -> 1.12 | K45: =H45 -> -1.32 | L45: =J45+K45 -> -0.2
A46: 7770 | B46: Bank- og kortgebyr | C46: 0 | D46: 0 | E46: 1339.72 | F46: =D46+E46 -> 1339.72 | G46: 0 | H46: =F46+G46 -> 1339.72 | J46: =C46 -> 0 | K46: =H46 -> 1339.72 | L46: =J46+K46 -> 1339.72
A47: 7798 | B47: Annen kostnad med skattefradrag | C47: 0 | D47: 0 | E47: 1315.2 | F47: =D47+E47 -> 1315.2 | G47: 0 | H47: =F47+G47 -> 1315.2 | J47: =C47 -> 0 | K47: =H47 -> 1315.2 | L47: =J47+K47 -> 1315.2
A48: 7799 | B48: Annen kostnad uten skattefradrag | C48: 0 | D48: 0 | E48: 963.3 | F48: =D48+E48 -> 963.3 | G48: 0 | H48: =F48+G48 -> 963.3 | J48: =C48 -> 0 | K48: =H48 -> 963.3 | L48: =J48+K48 -> 963.3
A49: 8060 | B49: Valutagevinst (agio) | C49: 0 | D49: 0 | E49: -98.22 | F49: =D49+E49 -> -98.22 | G49: 0 | H49: =F49+G49 -> -98.22 | J49: =C49 -> 0 | K49: =H49 -> -98.22 | L49: =J49+K49 -> -98.22
A50: 8160 | B50: Valutatap (disagio) | C50: 330.62 | D50: 0 | E50: 3877.62 | F50: =D50+E50 -> 3877.62 | G50: 0 | H50: =F50+G50 -> 3877.62 | J50: =C50 -> 330.62 | K50: =H50 -> 3877.62 | L50: =J50+K50 -> 4208.24
A51: 8990 | B51: Overføringer udekket tap | C51: -266860.46 | D51: 0 | E51: 0 | F51: =D51+E51 -> 0 | G51: =K10 -> -105572.32 | H51: =F51+G51 -> -105572.32 | J51: 0 | K51: 0
